job_id,title,company,city,salary,salary_min,salary_max,date_posted,description_preview,is_hot_job,link
7726731,Аналітик з маркетингу,"Бізнес Позика, ТОВ",Бізнес Позика ТОВ,80 000 грн,80.0,0.0,12 березня 2026,"Працюємо з цифрами, які впливають на реальний бізнес, і шукаємо аналітика, який перетворює дані на рішення. Якщо тобі цікаво не просто…",True,https://www.work.ua/jobs/7726731/
6811009,Фінансовий аналітик (із знанням англійської мови),PwC Service Delivery Center,PwC Service Delivery Center,,,,12 березня 2026,"Твій старт із PwC Lviv SDC: Вакансія, яка відкриває двері у майбутнє PwC — це глобальна мережа із більш, ніж 370 000 професіоналів у 149 країнах, яка перетворює виклики на можливості. Ми створюємо інноваційні рішення…",True,https://www.work.ua/jobs/6811009/
7796649,"Business Analyst (Middle, Web)",Ajax Systems,Ajax Systems,,,,11 березня 2026,"Ajax Systems is an international tech company and the largest manufacturer of security systems in Europe, with over 4.5 million end users and 330K PRO users in more than 180 countries worldwide. The company offers…",True,https://www.work.ua/jobs/7796649/
7795683,Аналітик продаж у Гостомель,"Ветропак Гостомельський Склозавод, ПрАТ",Ветропак Гостомельський Склозавод ПрАТ,,,,11 березня 2026,"Ветропак Україна займається виготовленням, продажем та реалізацією…",True,https://www.work.ua/jobs/7795683/
7670353,Кредитний аналітик (аналітикиня),ПроКредит Банк,ПроКредит Банк,,,,11 березня 2026,"АТ «ПроКредит Банк» — це німецький банк зі 100% іноземним капіталом, що входить до складу міжнародної групи ProCredit Holding. Ми працюємо для підтримки розвитку та зростання малого та середнього бізнесу, а також…",True,https://www.work.ua/jobs/7670353/
7739331,"Data Analyst, Team Lead","Є гроші, фінансова компанія, ТОВ",Є гроші фінансова компанія ТОВ,60 000 – 90 000 грн,60.0,0.0,10 березня 2026,"Обов’язки:   Формування стратегії аналітики та побудова аналітичної екосистеми в компанії.   Управління командою аналітиків: постановка цілей, пріоритизація задач, коучинг.   Розробка та впровадження системи метрик,…",True,https://www.work.ua/jobs/7739331/
7683694,Помічник аналітика (з навчанням),Dnipro-M,Dnipro-M,30 000 – 35 000 грн,30.0,0.0,6 березня 2026,"Повна зайнятість. Також готові взяти студента, людину з інвалідністю.
                            Лідер ринку інструментів DNIPRO-M в пошуках Помічника аналітика! Що варто знати про нас:   ми родом з України і вже представлені на ринку Європи   мережа фірмових магазинів 600+ в Україні   мережа сервісних центрів…",True,https://www.work.ua/jobs/7683694/
7772073,Data analyst,Ajax Systems,Ajax Systems,,,,5 березня 2026,"Ajax Systems — міжнародна технологічна компанія і найбільший у Європі виробник охоронних систем. Продуктам Ajax довіряють уже понад 4,5 мільйони кінцевих користувачів і 330 тисяч PRO-користувачів у більш ніж 180…",True,https://www.work.ua/jobs/7772073/
7702275,Аналітик (Marketing Department),Hay credito,Hay credito,30 000 – 35 000 грн,30.0,0.0,12 березня 2026,"Повна зайнятість. Досвід роботи від 1 року.
                            Вимоги:    досвід роботи з маркетинговою аналітикою або аналітикою даних буде перевагою   розуміння основ маркетингових метрик   базові знання SQL або аналітичних інструментів — плюс   аналітичне мислення, уважність…",True,https://www.work.ua/jobs/7702275/
7188010,"Data Analyst (SQL, Python)","Є гроші, фінансова компанія, ТОВ",Є гроші фінансова компанія ТОВ,60 000 – 90 000 грн,60.0,0.0,12 березня 2026,"Робота з базами даних (SQL-запити, з'єднання таблиць, агрегування даних).   Автоматизація…",True,https://www.work.ua/jobs/7188010/
7682791,Senior Data Analyst,GoITeens,GoITeens,,,,12 березня 2026,"Привіт! Ми — GoITeens, інноваційна IT-спільнота та освітня платформа для підлітків, де вони не просто навчаються, а відкривають двері в світ технологій, командної роботи та підприємництва. Наша місія — допомогти…",False,https://www.work.ua/jobs/7682791/
7307257,Brand Ads Analyst (Ukraine),Glovo,Glovo,,,,12 березня 2026,A ride that will fuel up your ambitions to take on a new challenge and stretch yourself beyond your comfort zone.  We’ll deliver a non-vanilla culture…,False,https://www.work.ua/jobs/7307257/
7683433,Аналітик з економічної безпеки,Vyriy,Vyriy,45 000 – 55 000 грн,45.0,0.0,12 березня 2026,"VYRIY — українська інженерна компанія, провідний виробник бойових безпілотних комплексів, активно впроваджує системи роботизації війни та рішення з локалізованих комплектуючих. Ми ростемо, розширюємо команду та шукаємо…",False,https://www.work.ua/jobs/7683433/
6755416,Офіцер-аналітик штабу військової частини,Військова частина А2152,Військова частина А2152,30 000 – 85 000 грн,30.0,0.0,12 березня 2026,Вакансія: Офіцер-аналітик штабу військової частини забезпечення сухопутних військ. Локація: місто Одеса Опис вакансії:  Світ змінився. Розвиток технологій встановив нові правила гри у всіх сферах життя. Сучасна…,False,https://www.work.ua/jobs/6755416/
7689436,Аналітик,ДТЕК,ДТЕК,,,,12 березня 2026,"ДТЕК Дніпровські Електромережі — провідна енергетична компанія України, яка розподіляє електроенергію на території Дніпропетровської області та обслуговує понад 1,3 млн клієнтів. Співробітники Компанії щоденно забезпечують…",False,https://www.work.ua/jobs/7689436/
7774818,"Cybersecurity Analyst (Cloud, Network Security)","EVA, лінія магазинів",EVA лінія магазинів,,,,12 березня 2026,"Ми — Лінія магазинів EVA, один з найбільших рітейлів України. Наша ІТ-інфраструктура — це величезний «живий» організм, який постійно зростає. Саме тому ми розширюємо команду інформаційної безпеки та шукаємо Cybersecurity…",False,https://www.work.ua/jobs/7774818/
7802418,Фінансовий аналітик,Sav orbico,Sav orbico,,,,12 березня 2026,"Компанія SAV ORBICO — міжнародний дистриб’ютор продовольчої та непродовольчої групи товарів всесвітньо відомих брендів, таких як Ariel, Head&Shoulders, Blend-a-Med, Pampers, Always, Gillette, Duracell, Mentos, Chupa…",False,https://www.work.ua/jobs/7802418/
6512902,Аналітик-дешифрувальник розвідданих з БПЛА,6 центр рекрутингу Сил безпілотних систем,6 центр рекрутингу Сил безпілотних систем,28 000 – 128 000 грн,28.0,0.0,12 березня 2026,"Ми формуємось як високопрофесійний рід військ, у якому кожен знає свою роль, працює з технологіями майбутнього та…",False,https://www.work.ua/jobs/6512902/
7691905,Бізнес-аналітик (CRM Creatio),CRM Genesis,CRM Genesis,30 000 – 50 000 грн,30.0,0.0,12 березня 2026,"Вища освіта.
                            Ми — команда, що спеціалізується на автоматизації бізнес-процесів і створенні CRM — рішень на базі Creatio (Terrasoft). Наш фокус — робити процеси клієнтів зрозумілими, прозорими та керованими. Наші клієнти — компанії…",False,https://www.work.ua/jobs/7691905/
6769153,Фахівець з підтримки облікових систем,WOG,WOG,,,,12 березня 2026,"Запрошуємо у свою команду Фахівця з підтримки облікових систем (BAS)!  Ти — наша людина, якщо:   маєш досвід роботи з обліковими системами (BAS, 1С або іншими);   розумієш принципи роботи облікових та управлінських…",False,https://www.work.ua/jobs/6769153/
7696788,Marketing and Growth Analyst,Glovo,Glovo,,,,12 березня 2026,A ride that will fuel up your ambitions to take on a new challenge and stretch yourself beyond your comfort zone. We’ll deliver a non-vanilla culture…,False,https://www.work.ua/jobs/7696788/
7615867,Аналітик,"КООП Торг Сервіс, ООО",КООП Торг Сервіс ООО,,,,12 березня 2026,"ТОВ «КООП ТОРГ СЕРВІС» входить до складу Групи Компаній АФІНА, спеціалізується на обслуговуванні магазинів, що входять до складу Укоопспілки, торгова мережа якого налічує більше 10 тисяч магазинів Ми запрошуємо…",False,https://www.work.ua/jobs/7615867/
7720512,"Головний економіст-аналітик (AML, управління фінансового моніторингу)","Банк інвестицій та заощаджень, АТ",Банк інвестицій та заощаджень АТ,,,,12 березня 2026,"Головний економіст-аналітик (AML)Відділ моніторингу та аналізу операцій, Управління фінансового моніторингу, Департамент фінансового та валютного моніторингу Про банкБАНК ІНВЕСТИЦІЙ ТА ЗАОЩАДЖЕНЬ (BISBANK) — сучасний…",False,https://www.work.ua/jobs/7720512/
7545127,Аналітик з кредитного аналізу,Sense Bank,Sense Bank,,,,12 березня 2026,"Sense Bank — це державний банк з 30 роками історії. За цей час ми стали не просто місцем для роботи, а спільнотою з 4000 людей, де кожен присвячений місії — створювати сенси, щоб здійснювались мрії українців. Шукаємо…",False,https://www.work.ua/jobs/7545127/
7802064,Business Analyst,Promodo,Promodo,,,,12 березня 2026,"Promodo — маркетингова агенція повного циклу, заснована у 2004 в Україні. В штаті працює понад 450 фахівців у 5 представництвах по всьому світу (Україна, США, Велика Британія, Естонія, Казахстан). П’ятий рік поспіль…",False,https://www.work.ua/jobs/7802064/
7690780,Молодший фінансовий аналітик (стажер),1+1 media,1+1 media,,,,12 березня 2026,"Отримуйте унікальний досвід стажування у компанії професіоналів, які встановлюють стандарти галузі й творять майбутнє медіа в Україні.  1+1…",False,https://www.work.ua/jobs/7690780/
7014574,"Data Analyst (QA, аналітика даних та контроль якості), військовослужбовець",Військова частина А4862,Військова частина А4862,50 000 – 125 000 грн,50.0,0.0,12 березня 2026,"Повна зайнятість. Досвід роботи від 2 років.
                            Основні обов’язки:   Аналіз, звірка та обробка звітних даних з різних джерел (інформаційні системи, файли, API тощо);   Перевірка коректності даних у системі: наповнення, узгодженість, актуальність;   Написання…",False,https://www.work.ua/jobs/7014574/
7340410,Аналітик продаж,Київстар,Київстар,,,,12 березня 2026,"Київстар — лідер телеком-ринку України, який постійно розвиває аналітичні рішення для підтримки ефективності бізнесу. Ми шукаємо аналітика з продажів, який допоможе перетворювати дані на дієві інсайти, автоматизовувати…",False,https://www.work.ua/jobs/7340410/
7801947,Молодший аналітик,IDS Ukraine,IDS Ukraine,,,,12 березня 2026,"Повна зайнятість.
                            IDS Ukraine -лідер українського ринку мінеральних вод у всіх категоріях. Компанія має збалансований портфель популярних мінеральних вод, які видобуваються в екологічно чистих регіонах України та представлені на ринку…",False,https://www.work.ua/jobs/7801947/
7801755,Marketing Data Analyst (SQL),"Є гроші, фінансова компанія, ТОВ",Є гроші фінансова компанія ТОВ,30 000 – 35 000 грн,30.0,0.0,12 березня 2026,"Основні задачі:   Аналітика маркетингового трафіку (Google Ads, Facebook Ads, інші канали) — побудова воронки від кліку до кредиту.   Аналіз первинних і повторних кредитів: когортний аналіз, відстеження конверсій…",False,https://www.work.ua/jobs/7801755/
7595941,Zoho Implementation Business Analyst (Hands-on Builder),PalmCraft Cabinets,PalmCraft Cabinets,40 000 – 80 000 грн,40.0,0.0,12 березня 2026,We’re a consulting team delivering end-to-end Zoho operating systems for multiple clients. We’re hiring a business-first Zoho Implementation Business Analyst who can lead discovery and then build the solution using…,False,https://www.work.ua/jobs/7595941/
7293988,Асистент маркетолога,Nadel,Nadel,18 000 – 22 000 грн,18.0,0.0,12 березня 2026,Допомагати в підготовці контенту для соціальних мереж та інших каналів комунікації.   Збирати та аналізувати…,False,https://www.work.ua/jobs/7293988/
7745301,Аналітик,Akora consult,Akora consult,30 000 грн,30.0,0.0,12 березня 2026,"Akora Consult розвиває міжнародні проєкти у сфері бізнес-консалтингу, фінансів та операційного управління. У зв’язку з розширенням напряму роздрібної торгівлі ми шукаємо аналітика з досвідом роботи в retail-сфері,…",False,https://www.work.ua/jobs/7745301/
7774806,Аналітик (CRM Creatio),YEDNIST’ GROUP,YEDNIST’ GROUP,40 000 – 50 000 грн,40.0,0.0,12 березня 2026,"Фірма Триплекс понад 31 рік є лідером з продажу товарів для домашніх тварин та входить до складу торгово-виробничої компанії YEDNIST' GROUP. Факти про нас:   Ми є представниками багатьох світових брендів, AnimAll,…",False,https://www.work.ua/jobs/7774806/
4562438,Економіст з кредитування (управління кредитних операцій),Полтава Банк,Полтава Банк,,,,12 березня 2026,АТ «Полтава-банк»запрошує на роботу економістів в Управління кредитних операцій (Головний офіс) АТ «Полтава-банк» Ми пропонуємо:   Офіційне працевлаштування;   Стабільну заробітну плату 2 рази на місяць;   П’ятиденний…,False,https://www.work.ua/jobs/4562438/
7773639,Маркетолог-аналітик,AVDtrade,AVDtrade,,,,12 березня 2026,"Ми співпрацюємо з 60+ провідними європейськими брендами, маємо представництва…",False,https://www.work.ua/jobs/7773639/
7743516,"Бізнес-аналітик (IT, Middle)","DiFFreight, LLC",DiFFreight LLC,,,,12 березня 2026,"Ми займаємося міжнародними перевезеннями по напрямку Китай Україна, Україна — Америка, Україна — Європа. У зв’язку з розширенням нашого…",False,https://www.work.ua/jobs/7743516/
7743381,Аналітик товарних запасів,ProSteer Group,ProSteer Group,,,,12 березня 2026,"Повна зайнятість. Досвід роботи від 2 років.
                              Вимоги   Досвід роботи в торгівлі, виробництві або дистрибуції з товарними запасами    Розуміння принципів і методів аналізу продажів, залишків та їх розподілення    Обов’язки   Аналіз залишків системи віддалених…",False,https://www.work.ua/jobs/7743381/
7009699,"Діловод відділу обліку, списання, комплектування, аналітики БПЛА",Військова частина А4862,Військова частина А4862,50 000 – 125 000 грн,50.0,0.0,12 березня 2026,"Повна зайнятість. Досвід роботи від 2 років.
                            425 окремий полк «СКАЛА» пропонує службу у складі ефективного та сучасного військового підрозділу з якісним навчанням, підготовкою, та можливістю професійного зростання і реалізації свого потенціалу у сфері управління…",False,https://www.work.ua/jobs/7009699/
7484653,HR-аналітик,ДТЕК,ДТЕК,,,,12 березня 2026,"YASNO — бренд енергопостачальних компаній України, що забезпечують електроенергією, газом та енергоефективними рішеннями 3,3 млн сімей і понад 90 тис бізнесів. Ми бачимо український енергоринок як активного учасника,…",False,https://www.work.ua/jobs/7484653/
7641865,Business analyst,Перший Український Міжнародний Банк (ПУМБ),Перший Український Міжнародний Банк (ПУМБ),,,,12 березня 2026,"ПУМБ — місце, де ідеї перетворюються на результатиМи поєднуємо інновації, командну роботу та високі стандарти обслуговування клієнтів. Кожен день ми прагнемо вдосконалювати продукти та процеси, підтримуємо професійний…",False,https://www.work.ua/jobs/7641865/
7801086,Head of CRM,"Нова пошта, ТОВ",Нова пошта ТОВ,,,,12 березня 2026,"Нова пошта — лідер експрес-доставки в Україні. Ми у пошуку керівника в управління розвитку клієнтів. Ми пропонуємо:   офіційне працевлаштування, «білу» заробітну плату, оплачувані відпустки та лікарняні;   медичне…",False,https://www.work.ua/jobs/7801086/
7691209,Аналітик кредитних ризиків,NovaPay,NovaPay,,,,12 березня 2026,"NovaPay — міжнародний фінансовий сервіс, що входить в ГК NOVA.  Ми створюємо сучасні платіжні рішення для бізнесу та мільйонів користувачів. Розвиваємо власну платіжну систему, мобільний застосунок і пропонуємо…",False,https://www.work.ua/jobs/7691209/
7774056,Аналітик,Будинок іграшок,Будинок іграшок,,,,12 березня 2026,"Ми щодня даруємо радість дітям і натхнення дорослим, створюючи атмосферу, в якій хочеться посміхатися. Зараз ми шукаємо Провідного…",False,https://www.work.ua/jobs/7774056/
7710456,Бізнес-аналітик (International Delivery Unit МОУ),Офіс ефективного регулювання (BRDO),Офіс ефективного регулювання (BRDO),,,,12 березня 2026,Наша головна мета — збільшення інвестицій в ОПК. Наша ключова…,False,https://www.work.ua/jobs/7710456/
7771260,"Аналітик з комп'ютерних систем (Service Desk, IT Support L1)","Укролія, ТОВ",Укролія ТОВ,,,,12 березня 2026,"Вища освіта.
                            Компанія UKROLIYA та запрошує в свою командуАналітика з комп’ютерних систем (Service Desk / IT Support L1)  Вимоги:   Базові знання Windows та Microsoft Office.   Досвід роботи з IT-підтримкою або офіс-адмініструванням —…",False,https://www.work.ua/jobs/7771260/
6031200,Аналітик,24 ОМБр імені короля Данила,24 ОМБр імені короля Данила,50 000 – 120 000 грн,50.0,0.0,12 березня 2026,…,False,https://www.work.ua/jobs/6031200/
7800591,"Content Manager, Data Entry Specialist (e-commerce)","Plexsupply, Inc",Plexsupply Inc,22 000 – 30 000 грн,22.0,0.0,12 березня 2026,", що входить до топ-200 найбільших продавців на Amazon, шукаємо Content Manager / Data Entry Specialist (e-commerce) для роботи з товарним контентом,…",False,https://www.work.ua/jobs/7800591/
7693605,Менеджер з маркетингу,Snack Production,Snack Production,,,,12 березня 2026,"Національна виробничо-дистриб'юторська компанія «Snack Production» — визнаний лідер з 30-річною історією на ринку снекової продукції з відомими брендами «Сан Санич», «Flint», «Морські», «Big Bob», «Chipster's»,…",False,https://www.work.ua/jobs/7693605/
7720620,Google-аналітик (Web Analytics),Iwis,Iwis,,,,12 березня 2026,"Наша компанія IWIS шукає людину, яка допоможе нам оптимізувати роботу веб сайтів та спростить роботу нашим клієнтам…",False,https://www.work.ua/jobs/7720620/
7800444,Головний спеціаліст (кредитне адміністрування) в міжнародний банк,"Правекс Банк, АТ",Правекс Банк АТ,,,,12 березня 2026,"АТ «ПРАВЕКС БАНК» — частина банківської групи Інтеза Санпаоло (Intesa Sanpaolo), однієї з провідних банківських груп Єврозони і лідера в усіх сферах бізнесу в Італії,  Запрошує на посаду — Головний спеціаліст (кредитне…",False,https://www.work.ua/jobs/7800444/
7797894,Помічник з аналітики та координації продажів,UBP Ukraine,UBP Ukraine,25 000 – 35 000 грн,25.0,0.0,12 березня 2026,"Повна зайнятість.
                            Про компаніюUBP Ukraine — українська компанія, що працює у сфері міжнародної торгівлі та постачання металопродукції. Ми організовуємо повний цикл поставок — від виробника до клієнта: закупівлю, логістику та постачання…",False,https://www.work.ua/jobs/7797894/
7716846,Investment analyst,"Key People, HR Agency",Key People HR Agency,,,,12 березня 2026,"Наш клієнт — інвестиційно-девелоперська група, що працює на стику нерухомості, private credit та структурованих угод. У зв’язку з розвитком інвестиційної функції компанія шукає Investment Analyst, який відповідатиме…",False,https://www.work.ua/jobs/7716846/
7329595,Data analyst (портфельний аналіз),Ощадбанк,Ощадбанк,,,,12 березня 2026,"МОЇ ЛЮДИ. МОЯ СПРАВА. МОЯ СВОБОДА. ОЩАДБАНК запрошує до команди Data analyst (портфельний аналіз) Ключові завдання:   Здійснення моніторингу,…",False,https://www.work.ua/jobs/7329595/
7757403,Методолог-аналітик фінансового обліку,Rozetka,Rozetka,,,,12 березня 2026,"ROZETKA — найбільший онлайн-продавець в Україні. Ми втілюємо мрії мільйонів людей і завжди шукаємо тих, хто допоможе нам стати кращими. Як працюється в ROZETKA? Відверта книга про компанію, її команду та цінності…",False,https://www.work.ua/jobs/7757403/
7690738,Провідний аналітик (фінансове моделювання),Dok.ua,Dok.ua,,,,12 березня 2026,"dok.ua — лідер онлайн-ринку автозапчастин.  Зростаємо, допомагаємо ЗСУ, віримо в Україну та хочемо розвивати український продукт з найкращими фахівцями. Основні наші бізнес-підрозділи орієнтовані на data-driven…",False,https://www.work.ua/jobs/7690738/
7399837,Маркетинг-аналітик (нерухомість),"HR Team, HR-агенція",HR Team HR-агенція,,,,12 березня 2026,"Шукаємо аналітика в маркетинговий відділ, який працюватиме з даними та формуватиме на їх основі корисні висновки для стратегії…",False,https://www.work.ua/jobs/7399837/
7605076,Аналітик (агронапрямок),"Астарта-Київ, ТОВ",Астарта-Київ ТОВ,,,,12 березня 2026,З 2006 року акції компанії розміщені на Варшавській фондовій біржі. Наша компанія…,False,https://www.work.ua/jobs/7605076/
7744320,BA/Project Coordinator (бізнес аналітик/координатор проєктів) у Київ,Delta Medical,Delta Medical,,,,12 березня 2026,"Професіонала, що діятиме як міст між замовником (нами) та підрядником…",False,https://www.work.ua/jobs/7744320/
7533661,Фінансовий директор,Техно Їжак,Техно Їжак,,,,12 березня 2026,Шукаємо Фінансового директора…,False,https://www.work.ua/jobs/7533661/
7493521,Системний аналітик (BAF),"Омега, ТОВ",Омега ТОВ,,,,12 березня 2026,"Компанія «Омега» — національний дистриб’тор автокомпонентів, з 35-річним досвідом успішної роботи на ринку автобізнесу і визнання на міжнародному рівні. Ми шукаємо системного аналітика BAF до нашої команди. Якщо…",False,https://www.work.ua/jobs/7493521/
7744785,Web Analyst Assistant,Halo Lab,Halo Lab,,,,12 березня 2026,"У нас одна з найкрутіших дизайн команд в Україні і цей факт підкріплений нашими роботами, нагородами та популярністю у світовій спільноті…",False,https://www.work.ua/jobs/7744785/
7799343,"Аналітик департаменту дистанційного сервісу, Data Analyst",Банк Південний,Банк Південний,,,,12 березня 2026,"Банк «Південний» — один із лідерів фінансового ринку України, який займає третє місце у групі українських банків із приватним капіталом за розміром активів.  Вже 32 роки «Південний» є надійним фінансовим партнером…",False,https://www.work.ua/jobs/7799343/
7718943,Insight Manager,Кондитерська Корпорація ROSHEN,Кондитерська Корпорація ROSHEN,70 000 – 85 000 грн,70.0,0.0,12 березня 2026,"ROSHEN шукає Insight Manager (того самого, який вміє перетворювати дані й дослідження на інсайти, а не на презентації «для галочки») ROSHEN — це бренд, який знають і люблять мільйони. А ще — це складні ринки, великі…",False,https://www.work.ua/jobs/7718943/
7554049,OSINT-аналітик,6 центр рекрутингу Сил безпілотних систем,6 центр рекрутингу Сил безпілотних систем,50 000 грн,50.0,0.0,12 березня 2026,Для розвитку власних систем керування й розширення…,False,https://www.work.ua/jobs/7554049/
7799277,Консультант з трансфертного ціноутворення,PwC Service Delivery Center,PwC Service Delivery Center,,,,12 березня 2026,Ми створюємо інноваційні рішення…,False,https://www.work.ua/jobs/7799277/
7740783,Тимлід (аналітика клієнтського досвіду),Rozetka,Rozetka,,,,12 березня 2026,ua потрібен «Тімлід напряму аналітики клієнтського досвіду (Customer Experience Analytics Team Lead)» ROZETKA — найбільший онлайн-ритейлер та один із найтехнологічніший…,False,https://www.work.ua/jobs/7740783/
7309585,Дата-аналітик,6 центр рекрутингу Сил безпілотних систем,6 центр рекрутингу Сил безпілотних систем,50 000 грн,50.0,0.0,12 березня 2026,"Повна зайнятість. Досвід роботи від 1 року.
                            Батальйон безпілотних систем «Цукрарня Птахів Мадяра» — це високотехнологічний батальйон у складі 414 окремої бригади безпілотних систем «Птахи Мадяра», який спеціалізується на забезпеченні підрозділів СБС ефективними…",False,https://www.work.ua/jobs/7309585/
7569643,Офіцер інформаційно-аналітичної групи командного пункту (s-3),46 ОАеМБр ДШВ,46 ОАеМБр ДШВ,28 000 – 80 000 грн,28.0,0.0,12 березня 2026,"Повна зайнятість.
                            Вимоги:    наявність офіцерського звання;   бажання працювати в інтересах військової частини;   здатність поєднувати виконання щоденних операційних та творчих завдань із системним підходом;   уважність до деталей,…",False,https://www.work.ua/jobs/7569643/
7740537,Фінансовий аналітик,NDA Recruitment,NDA Recruitment,,,,12 березня 2026,"Роль передбачає активну участь у бюджетуванні, аналізі відхилень та роботі…",False,https://www.work.ua/jobs/7740537/
7762767,Старший фінансовий аналітик,NDA Recruitment,NDA Recruitment,,,,12 березня 2026,"Роль передбачає активну участь у формуванні управлінської звітності, аналізі показників та підтримці…",False,https://www.work.ua/jobs/7762767/
7199572,Провідний експерт з продажів та кредитування малого та середнього бізнесу,"Креді Агріколь, банк",Креді Агріколь банк,,,,12 березня 2026,АТ «КРЕДІ АГРІКОЛЬ БАНК» оголошує конкурс на посаду Провідного експерта з продажів та кредитування малого та середнього бізнесу департаменту середнього корпоративного бізнесу та МСБ (з робочим місцем в м. Суми (вул…,False,https://www.work.ua/jobs/7199572/
7744146,Фінансовий аналітик (junior),"Ре-Лінк, ТОВ",Ре-Лінк ТОВ,40 000 – 45 000 грн,40.0,0.0,12 березня 2026,"Вища освіта.
                            Про насУкраїнська компанія (NDA) — виробник високотехнологічних акумуляторних батарей для оборонної промисловості. Компанія спеціалізується на розробці та виробництві енергоефективних рішень для FPV-дронів, БпЛА…",False,https://www.work.ua/jobs/7744146/
7333237,Аналітик системи РЕР,"Рейд, 17 Полтавська бригада НГУ",Рейд 17 Полтавська бригада НГУ,25 000 – 125 000 грн,25.0,0.0,12 березня 2026,"Основні обов’язки:   збір, систематизація та аналіз сигналів, перехоплень та інших даних, отриманих із засобів РЕР   робота з профільним програмним забезпеченням та технічними засобами РЕР   моніторинг радіоефіру,…",False,https://www.work.ua/jobs/7333237/
7689907,Спеціаліст з маркетингових досліджень,АТБ-маркет,АТБ-маркет,,,,12 березня 2026,"Повна зайнятість. Досвід роботи від 1 року.
                            Національна торговельна мережа магазинів «АТБ-маркет» взапрошує на роботу Спеціаліст з маркетингових досліджень Вимоги:   базова або повна вища (спеціальності Маркетинг, Економіка);   бажано досвід роботи у сфері…",False,https://www.work.ua/jobs/7689907/
7651093,Junior Data Reporting Engineer,Nix,Nix,,,,12 березня 2026,Базові знання C# (або схожої C-style мови)…,False,https://www.work.ua/jobs/7651093/
7772097,"Partner, Market Development Manager",Davintoo Ukraina,Davintoo Ukraina,,,,12 березня 2026,It has been successfully operating in the Ukrainian…,False,https://www.work.ua/jobs/7772097/
6305113,Менеджер з планування та аналітики,ДТЕК,ДТЕК,,,,12 березня 2026,"ДТЕК Дніпровські Електромережі — провідна енергетична компанія України, яка розподіляє електроенергію на території Дніпропетровської області та обслуговує понад 1,3 млн клієнтів. Співробітники Компанії щоденно забезпечують…",False,https://www.work.ua/jobs/6305113/
7481557,Аналітик торгової мережі,"BULOCHKA, мережа магазинів-пекарень",BULOCHKA мережа магазинів-пекарень,,,,12 березня 2026,"Ми — магазини-пекарні «BULOCHKA». Ми стабільно працюємо на ринку понад 15 років, постійно розширюємо виробництво та відкриваємо нові магазини-пекарні…",False,https://www.work.ua/jobs/7481557/
6341359,Фінансовий аналітик,"Бабак Україна, ТОВ",Бабак Україна ТОВ,,,,12 березня 2026,"«Бабак» — це сучасна мережа магазинів швидкого обслуговування біля дому, яка змінює підхід до зручних покупок. Ми поєднуємо швидкість, якість сервісу та широкий асортимент, щоб наші клієнти могли легко знаходити…",False,https://www.work.ua/jobs/6341359/
7670428,BI Analyst,Ajax Systems,Ajax Systems,,,,12 березня 2026,"Продуктам Ajax довіряють уже понад 4,5 мільйони кінцевих користувачів і 330 тисяч PRO-користувачів у більш ніж 180…",False,https://www.work.ua/jobs/7670428/
6465664,Діловод-аналітик з озброєння,24 ОМБр імені короля Данила,24 ОМБр імені короля Данила,50 000 – 60 000 грн,50.0,0.0,12 березня 2026,Служба передбачає перебування…,False,https://www.work.ua/jobs/6465664/
7677061,Бізнес-аналітик,"ARX, страхова компанія",ARX страхова компанія,,,,12 березня 2026,"Страхова компанія ARX — лідер страхового ринку України і представник канадської міжнародної страхової групи Fairfax Financial Holdings. № 1 на ринку КАСКО 17 років поспіль, шукає в свою команду Бізнес-аналітика…",False,https://www.work.ua/jobs/7677061/
7763790,Офіцер інформаційно-аналітичної групи ЗСУ,"Військова частина, ЗСУ (відділ оперативного реагування)",Військова частина ЗСУ (відділ оперативного реагування),25 000 грн,25.0,0.0,12 березня 2026,"Підрозділ запрошує на службу військовослужбовців офіцерського складу з обмеженою придатністю до військової служби (без залучення до виконання завдань у зоні бойових дій). Служба передбачає виконання організаційних,…",False,https://www.work.ua/jobs/7763790/
5547143,Консультант-аналітик 1С (BAS),"Системи обслуговування бізнесу, ТОВ",Системи обслуговування бізнесу ТОВ,30 000 – 60 000 грн,30.0,0.0,12 березня 2026,"Не обов’язково все одразу, але чим більше, тим краще. Важливе добре знання ERP.   Бажаний досвід участі у проектах впровадження програмних продуктів…",False,https://www.work.ua/jobs/5547143/
6168406,Аналітик,Український національний офіс інтелектуальної власності та інновацій,Український національний офіс інтелектуальної власності та інновацій,,,,12 березня 2026,"Шукаємо аналітика до IP офісу (Український національний офіс інтелектуальної власності та інновацій) Основні вимоги:   вища освіта (бажано в галузі фінансів, економіки, статистики);   досвід роботи на посадах економіст,…",False,https://www.work.ua/jobs/6168406/
6609538,Фінансовий аналітик у Нововолинськ,Кроноспан УА,Кроноспан УА,,,,12 березня 2026,Currently we are looking for a Finance Controller/Assistant to the Holding CEO with a possibility of further development to the position of CFO. Responsibilities…,False,https://www.work.ua/jobs/6609538/
7775037,Аналітик з ціноутворення,Megogo,Megogo,,,,12 березня 2026,"Ми працюємо з провідними українськими кінодистриб'юторами та найбільшими світовими кіностудіями: HBO, Universal, BBC,…",False,https://www.work.ua/jobs/7775037/
7464511,Аналітик,Крупозавод Озерянка,Крупозавод Озерянка,,,,12 березня 2026,"Повна зайнятість. Вища освіта.
                            Запрошуємо до своєї крутої команди аналітика, який прагне рости і розвиватись разом з нами! Від нас:   гідна та своєчасна оплата праці;   робочий день (08:30—17:30) з понеділка по п’ятницю;   офіційне працевлаштування…",False,https://www.work.ua/jobs/7464511/
7741689,Business Analyst (IT),Аврора,Аврора,,,,12 березня 2026,"Сьогодні мережа налічує понад 1800 магазинів, 4 офіси підтримки та 6 логістичних хабів в Україні. Наша команда — це понад 16000 аврорівців, які…",False,https://www.work.ua/jobs/7741689/
7798185,Аналітик баз даних,Коллекшн-Лайн,Коллекшн-Лайн,,,,12 березня 2026,"Повна зайнятість. Досвід роботи від 1 року.
                            Middle Data Analyst / Аналітик даних (Middle) Привіт! Ми —  компанія з багаторічним досвідом у сфері вирішення складних правових і ділових питань, яка працює на ринку з 2007 року Наша команда — це амбітні професіонали,…",False,https://www.work.ua/jobs/7798185/
7554499,Data analyst,Контінентал фармерз груп,Контінентал фармерз груп,,,,12 березня 2026,"Контінентал Фармерз Груп — українська компанія, лідер сільськогосподарської галузі! Ми працюємо в Західноукраїнському регіоні, обробляючи 195 тис. га, та об'єднуємо у своїй команді близько 2,5 тис. професіоналів…",False,https://www.work.ua/jobs/7554499/
7773219,Junior Marketing Research Specialist,BetterMe,BetterMe,,,,12 березня 2026,We build what makes people better and keep challenging ourselves to inspire others.…,False,https://www.work.ua/jobs/7773219/
6810385,Експерт/-ка з розвитку процесів продажів,Vodafone Україна,Vodafone Україна,,,,12 березня 2026,"Vodafone Україна — компанія світового рівня, що займає провідні позиції у сфері технологій та телекомунікацій, впроваджує інновації у всіх напрямках діяльності. Запорукою успіху Vodafone Україна є наші співробітники…",False,https://www.work.ua/jobs/6810385/
7009267,Аналітик РЕР,Військова частина А4862,Військова частина А4862,50 000 – 125 000 грн,50.0,0.0,12 березня 2026,"Повна зайнятість.
                            425 окремий полк «СКАЛА» — Пропонує службу у складі ефективного та сучасного військового підрозділу з якісним навчанням, підготовкою, та можливістю професійного зростання і реалізації свого потенціалу, це високотехнологічний…",False,https://www.work.ua/jobs/7009267/
7773018,Системний аналітик (міжбанківські операції),CS,CS,,,,12 березня 2026,"Ця роль є сполучною ланкою між бізнесом і командами розробників, відповідальною за переклад складних бізнес-вимог у ефективні технічні рішення…",False,https://www.work.ua/jobs/7773018/
7309558,BI-аналітик (військова служба),6 центр рекрутингу Сил безпілотних систем,6 центр рекрутингу Сил безпілотних систем,50 000 грн,50.0,0.0,12 березня 2026,"Повна зайнятість. Досвід роботи від 1 року.
                            Батальйон безпілотних систем «Цукрарня Птахів Мадяра» — це високотехнологічний батальйон у складі 414 окремої бригади безпілотних систем «Птахи Мадяра», який спеціалізується на забезпеченні підрозділів СБС ефективними…",False,https://www.work.ua/jobs/7309558/
6453145,"Аналітик штабу бригади, військовослужбовець","Хартія, 13-та БрОП НГУ",Хартія 13-та БрОП НГУ,25 000 – 125 000 грн,25.0,0.0,12 березня 2026,"13 бригада оперативного призначення НГУ «Хартія» — Збір та аналіз інформації допомагають діяти на випередження, знижуючи ризики та підвищувати ефективність бойових операцій. Основні обов’язки:   Аналіз великих обсягів…",False,https://www.work.ua/jobs/6453145/
7305355,Аналітик (військова служба),6 центр рекрутингу Сил безпілотних систем,6 центр рекрутингу Сил безпілотних систем,50 000 грн,50.0,0.0,12 березня 2026,"414-та окрема бригада ударних безпілотних авіаційних систем — це високотехнологічний підрозділ у складі Сил безпілотних систем Збройних Сил України, що спеціалізується…",False,https://www.work.ua/jobs/7305355/
7006417,"Аналітик (служба інформаційно-аналітичного забезпечення), військовослужбовець",Військова частина А4862,Військова частина А4862,50 000 – 125 000 грн,50.0,0.0,12 березня 2026,Ми цінуємо ваш досвід…,False,https://www.work.ua/jobs/7006417/
7690693,Web Analyst,Promodo,Promodo,,,,12 березня 2026,"В штаті працює понад 450 фахівців у 5 представництвах по всьому світу (Україна, США, Велика Британія, Естонія, Казахстан). П’ятий рік поспіль…",False,https://www.work.ua/jobs/7690693/
6782281,Економіст-аналітик,"Крісталмед, ТОВ",Крісталмед ТОВ,,,,12 березня 2026,"Ми запрошуємо до нашої великої та дружньої команди — «Економіста-аналітика». Що чекаємо від майбутнього співробітника?   досвід роботи з аналітикою та обліком даних, бажано медицина;   профільна вища освіта (економічна,…",False,https://www.work.ua/jobs/6782281/
7716573,Трейд-маркетинг менеджер,"Транс-Аква, ТОВ",Транс-Аква ТОВ,,,,12 березня 2026,"Trans Aqua — офіційний імпортер легендарної мінеральної води Borjomi в Україні. Ми будуємо сильний бренд, розвиваємо сучасні канали продажів і впроваджуємо ефективні трейд-маркетингові інструменти для зростання…",False,https://www.work.ua/jobs/7716573/
7774455,Фінансовий аналітик,Велич граніту,Велич граніту,28 000 – 37 000 грн,28.0,0.0,12 березня 2026,"Приєднуйся до нашої команди, аналізуй фінанси, плануй бюджет і впливай на розвиток компанії разом із професіоналами. Про компанію: Ми стабільна компанія яка працює на ринку з 1996 року. Займаємо лідируючу позицію…",False,https://www.work.ua/jobs/7774455/
5351900,Молодший системний аналітик,Techexpert,Techexpert,,,,12 березня 2026,Ми стабільно працюємо навіть у складний для країни…,False,https://www.work.ua/jobs/5351900/
7007260,"Аналітик із застосування групи безпілотних систем (черговий), військовослужбовець",Військова частина А4862,Військова частина А4862,50 000 – 125 000 грн,50.0,0.0,12 березня 2026,"Повна зайнятість. Досвід роботи від 1 року.
                            425 ОШП «Скала» — Для технологічного планування засобів ураження БПЛА, створення місій по групам ударних БПЛА (FPV, важких бомберів), розробки алгоритмів ураженням БПЛА) з використанням технологій БПЛА, планування…",False,https://www.work.ua/jobs/7007260/
7572034,"Data engineer, technical analyst",6 центр рекрутингу Сил безпілотних систем,6 центр рекрутингу Сил безпілотних систем,50 000 грн,50.0,0.0,12 березня 2026,Наш підрозділ — 1-й Окремий Центр БпС — це перший у світі підрозділ «технологічного спецпризначення». Ми формуємо команду професіоналів…,False,https://www.work.ua/jobs/7572034/
6937915,Фінансовий аналітик управління фінансового лізингу,Перший Український Міжнародний Банк (ПУМБ),Перший Український Міжнародний Банк (ПУМБ),,,,12 березня 2026,"Банк ПУМБ — це 33 роки надійності на українському фінансовому ринку, високоякісні послуги, сервіс, що постійно вдосконалюється, та індивідуальний підхід. ПУМБ входить до ТОП-5 найбільших банків України за версією…",False,https://www.work.ua/jobs/6937915/
5946368,Консультант з впровадження (калькулювання собівартості),IT-Enterprise,IT-Enterprise,,,,12 березня 2026,"Наша мета — зробити все для того, щоб бізнес був простим…",False,https://www.work.ua/jobs/5946368/
7690270,Бізнес-аналітик,Золотий Вік,Золотий Вік,,,,12 березня 2026,Про компанію:   Ми на ринку понад 25 років;   517 магазинів по всій Україні;   Власне виробництво;   91% наших директорів починали з лінійних посад;   68% керівників —…,False,https://www.work.ua/jobs/7690270/
5296982,Аналітик продажів,"Риф, ООО",Риф ООО,,,,12 березня 2026,"Привіт! Ми — компанія Риф, виробник смачних та якісних кондитерських виробів, що працює на ринку вже багато років і дбає про своїх клієнтів та партнерів. Запрошуємо до нашої дружньої команди Аналітика продаж, який…",False,https://www.work.ua/jobs/5296982/
7771239,Фінансовий аналітик,1+1 media,1+1 media,,,,12 березня 2026,"Медіаіндустрія змінюється з кожним днем, і ми — одні з лідерів цих змін. Приєднуйтесь до компанії професіоналів, які встановлюють стандарти галузі й творять майбутнє медіа в Україні. 1+1 media запрошує Фінансового…",False,https://www.work.ua/jobs/7771239/
5725052,Middle Data scientist,Перший Український Міжнародний Банк (ПУМБ),Перший Український Міжнародний Банк (ПУМБ),,,,12 березня 2026,"Для ПУМБ співробітник має значення. Лише командою робимо бізнес та виконуємо показники, командність — залог успіху. Що зробить Вас ідеальним кандидатом для цієї ролі?   Вища фінансово-економічна, математична або…",False,https://www.work.ua/jobs/5725052/
7014640,"Аналітик (Power BI), військовослужбовець",Військова частина А4862,Військова частина А4862,50 000 – 125 000 грн,50.0,0.0,12 березня 2026,Основні обов’язки:   Формування типу та вигляду даних для подальшого опрацювання та аналізу;   Використання…,False,https://www.work.ua/jobs/7014640/
7742316,Старший експерт з кредитного аналізу мікробізнесу,Ощадбанк,Ощадбанк,,,,12 березня 2026,"МІЙ БАНК — МОЯ ОПОРА.Опора мільйонів українців, хто відтепер каже «МОЄ». МОЇ ЛЮДИ. МОЯ СПРАВА. МОЯ СВОБОДА. ОЩАДБАНК запрошує до команди Старшого кредитного аналітика (мікро- та малий бізнес) Переваги:    Ви станете…",False,https://www.work.ua/jobs/7742316/
7717377,"Customer Support, Risk analyst",PayPro Ukraine,PayPro Ukraine,25 000 – 42 000 грн,25.0,0.0,12 березня 2026,"PayPro Global is hiring a sharp, bilingual Risk Analyst to join our skillful Risk Management & Support team. Our new teammate will monitor, evaluate and take effective actions addressing the safety of online payments…",False,https://www.work.ua/jobs/7717377/
7691086,"Оператор інформаційно-аналітичної групи, військовослужбовець",6 центр рекрутингу Сил безпілотних систем,6 центр рекрутингу Сил безпілотних систем,50 000 грн,50.0,0.0,12 березня 2026,"Повна зайнятість. Досвід роботи від 1 року.
                            Батальйон безпілотних систем «Цукрарня Птахів Мадяра» — це високотехнологічний батальйон у складі 414 окремої бригади безпілотних систем «Птахи Мадяра», який спеціалізується на забезпеченні підрозділів СБС ефективними…",False,https://www.work.ua/jobs/7691086/
7551724,Категорійний менеджер (хліб та хлібобулочні вироби),Varus,Varus,,,,12 березня 2026,"Мережа супермаркетів VARUS, запрошуємо до своєї команди Категорійного менеджера напрямку «Хліб та хлібобулочні вироби», власне виробництво. Що потрібно робити:   Вивчення ринку та конкурентів у своєму напрямку,…",False,https://www.work.ua/jobs/7551724/
7773045,Системний аналітик (пасивні банківські операції),CS,CS,,,,12 березня 2026,"Ця роль є сполучною ланкою між бізнесом і командами розробників, відповідальною за переклад складних бізнес-вимог у ефективні технічні рішення…",False,https://www.work.ua/jobs/7773045/
7773003,Системний аналітик (внутрішньобанківська бухгалтерія),CS,CS,,,,12 березня 2026,"Повна зайнятість. Досвід роботи від 2 років.
                            CS — продуктова і сервісна IT компанія в пошуках Бізнес-аналітика для розширення можливостей нашої лінійки продуктів автоматизації внутрішньобанківської бухгалтерії  Аналітик виконує роль сполучної ланки між бізнесом…",False,https://www.work.ua/jobs/7773003/
7775247,Retention Manager,Sheriff,Sheriff,,,,12 березня 2026,"Шукаєте стабільну роботу в компанії з гарною репутацією? Приєднуйтесь до нашої команди професіоналів та розвивайтеся разом із нами! Національний оператор охорони SHERIFF — це команда професіоналів, яка комплексно…",False,https://www.work.ua/jobs/7775247/
6815464,Аналітик з бухгалтерського та податкового обліку,IT-Enterprise,IT-Enterprise,,,,12 березня 2026,"0. Наша мета — зробити все для того, щоб бізнес був простим…",False,https://www.work.ua/jobs/6815464/
7775196,Фінансовий аналітик,Focus Estate Fund,Focus Estate Fund,35 000 – 40 000 грн,35.0,0.0,12 березня 2026,"Focus Estate Fund — міжнародний інвестиційний фонд, що спеціалізується на інвестиціях у комерційну нерухомість у Європі. . Ми працюємо у гнучкому remote-форматі та будуємо команду людей, які цінують професіоналізм,…",False,https://www.work.ua/jobs/7775196/
7084639,"Big Data analyst, аналітик даних",Київстар,Київстар,,,,12 березня 2026,"Ми шукаємо талановитого Data Analyst, який захоплюється роботою з даними: їхнім управлінням, аналізом та візуалізацією, щоб знаходити корисні інсайти та допомагати покращувати результати для бізнесу та внутрішніх…",False,https://www.work.ua/jobs/7084639/
6996730,"Demand Planner, менеджер з прогнозування попиту",Компанія прихована,Компанія прихована,,,,12 березня 2026,"Дніпро   Офіційна стабільна заробітна плата   Офіційне працевлаштування, оплачувана відпустка та лікарняні згідно КЗпП…",False,https://www.work.ua/jobs/6996730/
7742904,"Фахівець з комерційної аналітики ринку, маркетинговий, комерційний аналітик (бренд)",Alviva Group,Alviva Group,,,,12 березня 2026,"Про роль: Ми шукаємо аналітика, який забезпечить комерційний департамент системною ринковою аналітикою для прийняття управлінських рішень щодо:   цінової політики    асортименту    представленості продукції    конкурентної…",False,https://www.work.ua/jobs/7742904/
